start,end,hour_count
2023-01-16T21:02:54.000Z,2023-01-16T22:00:00.000Z,52
2023-01-16T22:00:00.000Z,2023-01-16T23:00:00.000Z,64
2023-01-16T23:00:00.000Z,2023-01-17T00:00:00.000Z,59
2023-01-17T00:00:00.000Z,2023-01-17T01:00:00.000Z,41
2023-01-17T01:00:00.000Z,2023-01-17T02:00:00.000Z,35
2023-01-17T02:00:00.000Z,2023-01-17T03:00:00.000Z,48
2023-01-17T03:00:00.000Z,2023-01-17T04:00:00.000Z,48
2023-01-17T04:00:00.000Z,2023-01-17T05:00:00.000Z,98
2023-01-17T05:00:00.000Z,2023-01-17T06:00:00.000Z,118
2023-01-17T06:00:00.000Z,2023-01-17T07:00:00.000Z,123
2023-01-17T07:00:00.000Z,2023-01-17T08:00:00.000Z,113
2023-01-17T08:00:00.000Z,2023-01-17T09:00:00.000Z,24
2023-01-17T09:00:00.000Z,2023-01-17T10:00:00.000Z,97
2023-01-17T10:00:00.000Z,2023-01-17T11:00:00.000Z,56
2023-01-17T11:00:00.000Z,2023-01-17T12:00:00.000Z,60
2023-01-17T12:00:00.000Z,2023-01-17T13:00:00.000Z,55
2023-01-17T13:00:00.000Z,2023-01-17T14:00:00.000Z,43
2023-01-17T14:00:00.000Z,2023-01-17T15:00:00.000Z,73
2023-01-17T15:00:00.000Z,2023-01-17T16:00:00.000Z,64
2023-01-17T16:00:00.000Z,2023-01-17T17:00:00.000Z,110
2023-01-17T17:00:00.000Z,2023-01-17T18:00:00.000Z,190
2023-01-17T18:00:00.000Z,2023-01-17T19:00:00.000Z,63
2023-01-17T19:00:00.000Z,2023-01-17T20:00:00.000Z,74
2023-01-17T20:00:00.000Z,2023-01-17T21:00:00.000Z,42
2023-01-17T21:00:00.000Z,2023-01-17T22:00:00.000Z,68
2023-01-17T22:00:00.000Z,2023-01-17T23:00:00.000Z,69
2023-01-17T23:00:00.000Z,2023-01-18T00:00:00.000Z,42
2023-01-18T00:00:00.000Z,2023-01-18T01:00:00.000Z,42
2023-01-18T01:00:00.000Z,2023-01-18T02:00:00.000Z,37
2023-01-18T02:00:00.000Z,2023-01-18T03:00:00.000Z,38
2023-01-18T03:00:00.000Z,2023-01-18T04:00:00.000Z,48
2023-01-18T04:00:00.000Z,2023-01-18T05:00:00.000Z,65
2023-01-18T05:00:00.000Z,2023-01-18T06:00:00.000Z,59
2023-01-18T06:00:00.000Z,2023-01-18T07:00:00.000Z,47
2023-01-18T07:00:00.000Z,2023-01-18T08:00:00.000Z,37
2023-01-18T08:00:00.000Z,2023-01-18T09:00:00.000Z,97
2023-01-18T09:00:00.000Z,2023-01-18T10:00:00.000Z,76
2023-01-18T10:00:00.000Z,2023-01-18T11:00:00.000Z,60
2023-01-18T11:00:00.000Z,2023-01-18T12:00:00.000Z,50
2023-01-18T12:00:00.000Z,2023-01-18T13:00:00.000Z,72
2023-01-18T13:00:00.000Z,2023-01-18T14:00:00.000Z,72
2023-01-18T14:00:00.000Z,2023-01-18T15:00:00.000Z,96
2023-01-18T15:00:00.000Z,2023-01-18T16:00:00.000Z,92
2023-01-18T16:00:00.000Z,2023-01-18T17:00:00.000Z,120
2023-01-18T17:00:00.000Z,2023-01-18T18:00:00.000Z,138
2023-01-18T18:00:00.000Z,2023-01-18T19:00:00.000Z,44
2023-01-18T19:00:00.000Z,2023-01-18T20:00:00.000Z,46
2023-01-18T20:00:00.000Z,2023-01-18T21:00:00.000Z,59
2023-01-18T21:00:00.000Z,2023-01-18T22:00:00.000Z,70
2023-01-18T22:00:00.000Z,2023-01-18T23:00:00.000Z,70
2023-01-18T23:00:00.000Z,2023-01-19T00:00:00.000Z,73
2023-01-19T00:00:00.000Z,2023-01-19T01:00:00.000Z,56
2023-01-19T01:00:00.000Z,2023-01-19T02:00:00.000Z,45
2023-01-19T02:00:00.000Z,2023-01-19T03:00:00.000Z,68
2023-01-19T03:00:00.000Z,2023-01-19T04:00:00.000Z,46
2023-01-19T04:00:00.000Z,2023-01-19T05:00:00.000Z,61
2023-01-19T05:00:00.000Z,2023-01-19T06:00:00.000Z,68
2023-01-19T06:00:00.000Z,2023-01-19T07:00:00.000Z,50
2023-01-19T07:00:00.000Z,2023-01-19T08:00:00.000Z,80
2023-01-19T08:00:00.000Z,2023-01-19T09:00:00.000Z,120
2023-01-19T09:00:00.000Z,2023-01-19T10:00:00.000Z,151
2023-01-19T10:00:00.000Z,2023-01-19T11:00:00.000Z,357
2023-01-19T11:00:00.000Z,2023-01-19T12:00:00.000Z,121
2023-01-19T12:00:00.000Z,2023-01-19T13:00:00.000Z,98
2023-01-19T13:00:00.000Z,2023-01-19T14:00:00.000Z,90
2023-01-19T14:00:00.000Z,2023-01-19T15:00:00.000Z,86
2023-01-19T15:00:00.000Z,2023-01-19T16:00:00.000Z,81
2023-01-19T16:00:00.000Z,2023-01-19T17:00:00.000Z,73
2023-01-19T17:00:00.000Z,2023-01-19T18:00:00.000Z,210
2023-01-19T18:00:00.000Z,2023-01-19T19:00:00.000Z,71
2023-01-19T19:00:00.000Z,2023-01-19T20:00:00.000Z,64
2023-01-19T20:00:00.000Z,2023-01-19T21:00:00.000Z,43
2023-01-19T21:00:00.000Z,2023-01-19T22:00:00.000Z,49
2023-01-19T22:00:00.000Z,2023-01-19T23:00:00.000Z,46
2023-01-19T23:00:00.000Z,2023-01-20T00:00:00.000Z,44
2023-01-20T00:00:00.000Z,2023-01-20T01:00:00.000Z,48
2023-01-20T01:00:00.000Z,2023-01-20T02:00:00.000Z,35
2023-01-20T02:00:00.000Z,2023-01-20T03:00:00.000Z,31
2023-01-20T03:00:00.000Z,2023-01-20T04:00:00.000Z,42
2023-01-20T04:00:00.000Z,2023-01-20T05:00:00.000Z,62
2023-01-20T05:00:00.000Z,2023-01-20T06:00:00.000Z,77
2023-01-20T06:00:00.000Z,2023-01-20T07:00:00.000Z,43
2023-01-20T07:00:00.000Z,2023-01-20T08:00:00.000Z,43
2023-01-20T08:00:00.000Z,2023-01-20T09:00:00.000Z,45
2023-01-20T09:00:00.000Z,2023-01-20T10:00:00.000Z,45
2023-01-20T10:00:00.000Z,2023-01-20T11:00:00.000Z,159
2023-01-20T11:00:00.000Z,2023-01-20T12:00:00.000Z,87
2023-01-20T12:00:00.000Z,2023-01-20T13:00:00.000Z,59
2023-01-20T13:00:00.000Z,2023-01-20T14:00:00.000Z,54
2023-01-20T14:00:00.000Z,2023-01-20T15:00:00.000Z,68
2023-01-20T15:00:00.000Z,2023-01-20T16:00:00.000Z,42
2023-01-20T16:00:00.000Z,2023-01-20T17:00:00.000Z,66
2023-01-20T17:00:00.000Z,2023-01-20T18:00:00.000Z,88
2023-01-20T18:00:00.000Z,2023-01-20T19:00:00.000Z,75
2023-01-20T19:00:00.000Z,2023-01-20T20:00:00.000Z,69
2023-01-20T20:00:00.000Z,2023-01-20T21:00:00.000Z,45
2023-01-20T21:00:00.000Z,2023-01-20T22:00:00.000Z,54
2023-01-20T22:00:00.000Z,2023-01-20T23:00:00.000Z,44
2023-01-20T23:00:00.000Z,2023-01-21T00:00:00.000Z,44
2023-01-21T00:00:00.000Z,2023-01-21T01:00:00.000Z,51
2023-01-21T01:00:00.000Z,2023-01-21T02:00:00.000Z,43
2023-01-21T02:00:00.000Z,2023-01-21T03:00:00.000Z,34
2023-01-21T03:00:00.000Z,2023-01-21T04:00:00.000Z,38
2023-01-21T04:00:00.000Z,2023-01-21T05:00:00.000Z,41
2023-01-21T05:00:00.000Z,2023-01-21T06:00:00.000Z,118
2023-01-21T06:00:00.000Z,2023-01-21T07:00:00.000Z,72
2023-01-21T07:00:00.000Z,2023-01-21T08:00:00.000Z,62
2023-01-21T08:00:00.000Z,2023-01-21T09:00:00.000Z,38
2023-01-21T09:00:00.000Z,2023-01-21T10:00:00.000Z,97
2023-01-21T10:00:00.000Z,2023-01-21T11:00:00.000Z,35
2023-01-21T11:00:00.000Z,2023-01-21T12:00:00.000Z,53
2023-01-21T12:00:00.000Z,2023-01-21T13:00:00.000Z,46
2023-01-21T13:00:00.000Z,2023-01-21T14:00:00.000Z,43
2023-01-21T14:00:00.000Z,2023-01-21T15:00:00.000Z,29
2023-01-21T15:00:00.000Z,2023-01-21T16:00:00.000Z,48
2023-01-21T16:00:00.000Z,2023-01-21T17:00:00.000Z,56
2023-01-21T17:00:00.000Z,2023-01-21T18:00:00.000Z,44
2023-01-21T18:00:00.000Z,2023-01-21T19:00:00.000Z,48
2023-01-21T19:00:00.000Z,2023-01-21T20:00:00.000Z,36
2023-01-21T20:00:00.000Z,2023-01-21T21:00:00.000Z,28
2023-01-21T21:00:00.000Z,2023-01-21T22:00:00.000Z,75
2023-01-21T22:00:00.000Z,2023-01-21T23:00:00.000Z,40
2023-01-21T23:00:00.000Z,2023-01-22T00:00:00.000Z,33
2023-01-22T00:00:00.000Z,2023-01-22T01:00:00.000Z,47
2023-01-22T01:00:00.000Z,2023-01-22T02:00:00.000Z,33
2023-01-22T02:00:00.000Z,2023-01-22T03:00:00.000Z,49
2023-01-22T03:00:00.000Z,2023-01-22T04:00:00.000Z,57
2023-01-22T04:00:00.000Z,2023-01-22T05:00:00.000Z,57
2023-01-22T05:00:00.000Z,2023-01-22T06:00:00.000Z,45
2023-01-22T06:00:00.000Z,2023-01-22T07:00:00.000Z,48
2023-01-22T07:00:00.000Z,2023-01-22T08:00:00.000Z,38
2023-01-22T08:00:00.000Z,2023-01-22T09:00:00.000Z,32
2023-01-22T09:00:00.000Z,2023-01-22T10:00:00.000Z,22
2023-01-22T10:00:00.000Z,2023-01-22T11:00:00.000Z,35
2023-01-22T11:00:00.000Z,2023-01-22T12:00:00.000Z,40
2023-01-22T12:00:00.000Z,2023-01-22T13:00:00.000Z,56
2023-01-22T13:00:00.000Z,2023-01-22T14:00:00.000Z,32
2023-01-22T14:00:00.000Z,2023-01-22T15:00:00.000Z,50
2023-01-22T15:00:00.000Z,2023-01-22T16:00:00.000Z,64
2023-01-22T16:00:00.000Z,2023-01-22T17:00:00.000Z,54
2023-01-22T17:00:00.000Z,2023-01-22T18:00:00.000Z,51
2023-01-22T18:00:00.000Z,2023-01-22T19:00:00.000Z,46
2023-01-22T19:00:00.000Z,2023-01-22T20:00:00.000Z,56
2023-01-22T20:00:00.000Z,2023-01-22T21:00:00.000Z,39
2023-01-22T21:00:00.000Z,2023-01-22T22:00:00.000Z,51
2023-01-22T22:00:00.000Z,2023-01-22T23:00:00.000Z,41
2023-01-22T23:00:00.000Z,2023-01-23T00:00:00.000Z,44
2023-01-23T00:00:00.000Z,2023-01-23T01:00:00.000Z,55
2023-01-23T01:00:00.000Z,2023-01-23T02:00:00.000Z,42
2023-01-23T02:00:00.000Z,2023-01-23T03:00:00.000Z,55
2023-01-23T03:00:00.000Z,2023-01-23T04:00:00.000Z,58
2023-01-23T04:00:00.000Z,2023-01-23T05:00:00.000Z,89
2023-01-23T05:00:00.000Z,2023-01-23T06:00:00.000Z,37
2023-01-23T06:00:00.000Z,2023-01-23T07:00:00.000Z,37
2023-01-23T07:00:00.000Z,2023-01-23T08:00:00.000Z,58
2023-01-23T08:00:00.000Z,2023-01-23T09:00:00.000Z,72
2023-01-23T09:00:00.000Z,2023-01-23T10:00:00.000Z,93
2023-01-23T10:00:00.000Z,2023-01-23T11:00:00.000Z,62
2023-01-23T11:00:00.000Z,2023-01-23T12:00:00.000Z,58
2023-01-23T12:00:00.000Z,2023-01-23T13:00:00.000Z,80
2023-01-23T13:00:00.000Z,2023-01-23T14:00:00.000Z,49
2023-01-23T14:00:00.000Z,2023-01-23T15:00:00.000Z,72
2023-01-23T15:00:00.000Z,2023-01-23T16:00:00.000Z,50
2023-01-23T16:00:00.000Z,2023-01-23T17:00:00.000Z,100
2023-01-23T17:00:00.000Z,2023-01-23T18:00:00.000Z,91
2023-01-23T18:00:00.000Z,2023-01-23T19:00:00.000Z,130
2023-01-23T19:00:00.000Z,2023-01-23T20:00:00.000Z,68
2023-01-23T20:00:00.000Z,2023-01-23T21:00:00.000Z,58
2023-01-23T21:00:00.000Z,2023-01-23T21:02:54.000Z,8
